<?xml version="1.0" encoding="UTF-8"?>
<extension type="component" method="upgrade">
	<name>com_xbarticleman</name>
	<creationDate>25th February 2024</creationDate>
	<version>0.0.9.1</version>
	<author>RogerCO</author>
	<authorEmail>roger@crosborne.co.uk</authorEmail>
	<authorUrl>www.crosborne.uk</authorUrl>
	<copyright>Copyright (C) Roger Creagh-Osborne, 2024, All rights reserved.</copyright>
	<license>GNU/GPL Version 3</license>
	<description>XBARTMAN_XML_DESCRIPTION</description>
	
	<namespace path="src/">Crosborne\Component\Xbarticleman</namespace>

	<scriptfile>script.xbarticleman.php</scriptfile>	

	<media destination="com_xbarticleman" folder="media">
		<file>joomla.asset.json</file>
		<folder>css</folder>
		<folder>images</folder>
		<folder>js</folder>
	</media>
		
	<administration>
		<files folder="admin">
			<file>access.xml</file>
			<file>config.xml</file>
 			<folder>forms</folder>
			<folder>language</folder>
			<folder>layouts</folder>
			<folder>services</folder>
			<folder>src</folder>
			<folder>tmpl</folder>
		</files>
		
		<menu img="class:default" link="option=com_xbarticleman">com_xbarticleman</menu>
		<submenu>
			<menu link="option=com_xbarticleman&amp;view=dashboard" >
				xbartman_iconmenu_dashboard
			</menu>
			<menu link="option=com_xbarticleman&amp;view=artimgs" >
				xbartman_iconmenu_artimgs
			</menu>
			<menu link="option=com_xbarticleman&amp;view=artlinks" >
				xbartman_iconmenu_artlinks
			</menu>
			<menu link="option=com_xbarticleman&amp;view=artscodes" >
				xbartman_iconmenu_artscodes
			</menu>
			<menu link="option=com_xbarticleman&amp;view=arttags" >
				xbartman_iconmenu_arttags
			</menu>
			<menu link="option=com_xbarticleman&amp;view=tagitems" >
				xbartman_iconmenu_tagitems
			</menu>
			<menu link="option=com_config&amp;view=component&amp;component=com_xbarticleman" >
				xbartman_iconmenu_options				
			</menu>
		</submenu>
		
	</administration>

	<updateservers>
		<server type="extension" priority="1" name="xbArticleMan Updates">
			http://www.crosborne.uk/jupdates/update_xbarticleman.xml
		</server>
	</updateservers>

	
</extension>